1523708823, 14, "Stanley #2 Philips Screwdriver", true, 1, 6.95
1523708823, 339921, "Yamaha KT 100 kart engine", true, 2, 950.0

1407491858, 339921, "Yamaha KT 100 kart engine", true, 4, 950.0
1407491858, 198, "Box of 10 Sharpie Roller 0.5mm", true, 1, 6.5
1407491858, 2190, "Hefty 30 gal with handles - box 40", true, 1, 19.0
1407491858, 67913, "Gios Torino t-shirt size XXL", true, 1, 25.0
1407491858, 1111, "Top Secret Twenty One - Janet Evanovich", true, 1, 8.99

1660603577, 14, "Stanley #2 Philips Screwdriver", true, 1, 6.95
1660603577, 198, "Box of 10 Sharpie Roller 0.5mm", true, 4, 6.5

1429636042, 1111, "Top Secret Twenty One - Janet Evanovich", true, 4, 8.99
1429636042, 14909, "1/4in - 28tpi SS nuts", true, 4, 1.0

